timestamp_ms,temp_c,hum_pct,press_hpa,gas_ohm,AQI,dist_mm,speed,lat,lon,alt_m,fix,acc_x,acc_y,acc_z,ppg_red,ppg_ir
9975,13.96,72.6,1020.1,6385,10,1,0.0,nan,nan,nan,0,nan,nan,nan,0,0
19971,13.32,71.7,1020.1,13672,9,27,0.0,nan,nan,nan,0,nan,nan,nan,0,0
29985,13.02,71.4,1020.1,20311,8,83,0.0,nan,nan,nan,0,nan,nan,nan,0,0
40003,12.8,71.3,1020.1,26711,6,10,0.0,nan,nan,nan,0,nan,nan,nan,0,0
49993,12.1,71.1,1020.1,31952,6,14,0.0,nan,nan,nan,0,nan,nan,nan,0,0
60016,11.8,70.9,1020.1,37220,5,27,0.0,nan,nan,nan,0,nan,nan,nan,0,0
70085,11.9,70.8,1020.1,42695,4,155,0.0,nan,nan,nan,0,nan,nan,nan,0,0
80057,11.5,70.8,1020.1,46817,4,68,0.0,nan,nan,nan,0,nan,nan,nan,0,0
90048,11.05,71.0,1020.0,51581,4,39,2.7,51.5125732,-0.2254149,89.5,1,nan,nan,nan,0,0
100015,11.08,70.7,1020.0,56128,3,19,3.7,51.5126877,-0.2253882,71.4,1,nan,nan,nan,0,0
109958,10.72,70.7,1020.0,61776,3,124,2.0,51.5129128,-0.2249732,15.1,1,nan,nan,nan,0,0
119963,10.59,70.5,1020.0,64000,3,133,3.4,51.5130768,-0.2250282,23.3,1,nan,nan,nan,0,0
129963,10.61,70.7,1020.0,67706,2,67,2.9,51.5132065,-0.2251549,27.5,1,nan,nan,nan,0,0
139984,10.07,71.0,1020.0,71930,2,122,2.7,51.513298,-0.2252349,30.5,1,nan,nan,nan,0,0
149969,10.02,71.1,1020.1,73605,2,92,2.8,51.5134201,-0.2253566,33.4,1,nan,nan,nan,0,0
159962,10.17,71.4,1020.0,76032,2,27,2.9,51.5135689,-0.2254166,35.1,1,nan,nan,nan,0,0
170002,10.01,71.7,1020.0,79207,2,41,2.9,51.5136719,-0.2254449,29.4,1,nan,nan,nan,0,0
180002,10.22,72.2,1020.1,80706,2,2409,2.2,51.5137901,-0.2254732,28.0,1,nan,nan,nan,0,0
189991,9.92,71.9,1020.0,83797,2,47,3.3,51.5139046,-0.2255349,25.9,1,nan,nan,nan,0,0
199984,9.77,72.0,1019.9,86779,1,73,2.4,51.5140228,-0.2255282,21.6,1,nan,nan,nan,0,0
209975,10.3,72.1,1019.9,88123,1,18,2.4,51.5141335,-0.2256016,21.4,1,nan,nan,nan,0,0
219990,9.93,72.1,1019.9,90267,1,64,2.1,51.5142403,-0.2256182,22.4,1,nan,nan,nan,0,0
230000,9.96,72.2,1019.8,91526,1,79,0.0,51.5143433,-0.2256749,23.8,1,nan,nan,nan,0,0
239992,9.63,72.2,1019.8,94325,1,7,2.8,51.5144653,-0.2257232,23.7,1,nan,nan,nan,0,0
250018,9.78,72.4,1019.8,95808,1,48,3.2,51.514576,-0.2257532,24.8,1,nan,nan,nan,0,0
259960,9.89,72.4,1019.7,98918,1,49,3.1,51.5147057,-0.2257966,25.6,1,nan,nan,nan,0,0
270007,9.62,72.4,1019.7,100549,1,45,2.5,51.5148087,-0.2257432,26.2,1,nan,nan,nan,0,0
280007,9.91,72.5,1019.6,103664,1,48,2.4,51.5149307,-0.2258016,26.2,1,nan,nan,nan,0,0
289991,9.7,72.9,1019.6,104617,1,45,3.1,51.5150375,-0.2259066,26.5,1,nan,nan,nan,0,0
300050,9.75,73.1,1019.7,105393,1,47,6.1,51.5152512,-0.2260282,26.9,1,nan,nan,nan,0,0
309980,10.02,73.0,1019.6,107112,1,46,0.0,51.5153885,-0.2261132,28.3,1,nan,nan,nan,0,0
320008,9.85,73.0,1019.6,107180,1,43,0.0,51.5154076,-0.2261266,28.8,1,nan,nan,nan,0,0
330006,9.87,72.8,1019.6,110226,1,43,0.8,51.5154266,-0.2261532,29.1,1,nan,nan,nan,0,0
339998,9.84,72.6,1020.2,113525,1,28,2.2,51.5154762,-0.2261416,30.4,1,nan,nan,nan,0,0
349996,9.85,72.5,1019.8,112403,1,21,0.0,51.5155373,-0.2261249,31.4,1,nan,nan,nan,0,0
360001,9.77,72.3,1019.8,114285,1,24,0.7,51.5155487,-0.2260449,31.3,1,nan,nan,nan,0,0
370002,9.73,72.2,1019.8,115445,1,45,0.7,51.5155487,-0.2259916,31.0,1,nan,nan,nan,0,0
379999,9.85,72.1,1019.8,115601,1,16,1.1,51.515564,-0.2259782,30.7,1,nan,nan,nan,0,0
389991,9.64,72.1,1019.8,115601,1,37,0.9,51.5155792,-0.2259816,30.6,1,nan,nan,nan,0,0
399983,9.86,72.0,1019.8,116868,1,18,0.7,51.5155296,-0.2259699,30.8,1,nan,nan,nan,0,0
410019,9.84,72.0,1019.8,120925,1,32,1.6,51.5155907,-0.2259482,31.3,1,nan,nan,nan,0,0
419991,9.75,72.1,1019.8,122752,1,45,0.0,51.5156288,-0.2259582,33.1,1,nan,nan,nan,0,0
429994,9.82,72.2,1019.8,121183,1,30,0.0,51.5156593,-0.2259516,33.5,1,nan,nan,nan,0,0
440002,9.74,72.2,1019.8,119654,1,34,1.0,51.5157242,-0.2258982,34.7,1,nan,nan,nan,0,0
449988,9.73,72.2,1019.8,121788,1,38,1.9,51.5156975,-0.2258366,35.6,1,nan,nan,nan,0,0
459967,9.88,72.3,1019.8,124091,1,32,0.0,51.5156822,-0.2258266,35.6,1,nan,nan,nan,0,0
469980,9.82,72.3,1019.8,124000,1,25,0.8,51.5156937,-0.2258266,35.6,1,nan,nan,nan,0,0
480006,9.96,72.3,1019.8,121269,1,0,0.0,51.5157394,-0.2258616,35.6,1,nan,nan,nan,0,0
489990,10.01,72.3,1019.8,123462,1,18,0.0,51.5157394,-0.2258782,35.9,1,nan,nan,nan,0,0
500026,9.85,72.4,1019.8,127904,1,17,0.0,51.5157509,-0.2258766,36.2,1,nan,nan,nan,0,0
510048,9.82,72.5,1019.8,124091,1,2,0.0,51.51577,-0.2258816,36.3,1,nan,nan,nan,0,0
520021,9.94,72.5,1019.7,125551,1,39,0.7,51.5157776,-0.2258749,36.3,1,nan,nan,nan,0,0
530024,9.66,72.6,1019.7,126295,1,16,0.8,51.5157776,-0.2258582,36.5,1,nan,nan,nan,0,0
540013,9.71,72.5,1019.8,129653,1,0,0.0,51.5157738,-0.2258832,36.4,1,nan,nan,nan,0,0
550008,9.79,72.8,1019.8,130445,1,38,0.0,51.5157738,-0.2258849,36.3,1,nan,nan,nan,0,0
559970,9.83,73.1,1019.8,132573,1,5,0.0,51.51577,-0.2258666,36.2,1,nan,nan,nan,0,0
569964,9.81,73.5,1019.8,132573,1,37,0.0,51.5157661,-0.2258549,36.2,1,nan,nan,nan,0,0
579971,9.81,73.8,1019.8,132265,1,21,0.0,51.5157394,-0.2258166,36.0,1,nan,nan,nan,0,0
589964,9.86,74.2,1019.8,135306,1,27,0.7,51.5157471,-0.2258066,35.9,1,nan,nan,nan,0,0
600033,9.81,74.5,1019.8,137486,1,6,0.0,51.5157509,-0.2257782,35.3,1,nan,nan,nan,0,0
610050,9.85,74.8,1019.8,136387,1,50,0.0,51.5157433,-0.2257966,35.0,1,nan,nan,nan,0,0
619958,9.83,74.9,1019.8,135737,1,22,0.0,51.5157433,-0.2257982,35.0,1,nan,nan,nan,0,0
629974,9.76,75.2,1019.8,135953,1,6,0.0,51.5157433,-0.2258016,35.2,1,nan,nan,nan,0,0
639973,9.74,75.4,1019.8,135737,1,45,0.0,51.5157433,-0.2258049,35.1,1,nan,nan,nan,0,0
650034,9.72,75.6,1019.8,137931,1,29,0.0,51.5157318,-0.2258066,35.2,1,nan,nan,nan,0,0
660043,9.84,75.8,1019.8,139054,1,0,0.0,51.5157394,-0.2258116,35.2,1,nan,nan,nan,0,0
669964,9.79,75.8,1019.8,138941,1,0,0.0,51.5157394,-0.2258116,35.3,1,nan,nan,nan,0,0
680004,9.95,76.0,1019.8,137375,1,37,1.0,51.5157318,-0.2258182,35.4,1,nan,nan,nan,0,0
690058,9.82,76.0,1019.8,137819,1,50,0.8,51.5157166,-0.2258332,35.0,1,nan,nan,nan,0,0
699985,9.96,75.8,1019.8,135092,1,11,0.0,51.5157166,-0.2258332,35.2,1,nan,nan,nan,0,0
710045,9.72,75.6,1019.8,136496,1,47,0.0,51.5157051,-0.2258349,35.2,1,nan,nan,nan,0,0
720068,9.82,75.3,1019.8,134772,1,33,0.0,51.5157089,-0.2258382,35.1,1,nan,nan,nan,0,0
730042,9.71,75.1,1019.8,136606,1,61,0.0,51.5157089,-0.2258449,35.1,1,nan,nan,nan,0,0
739990,9.8,74.9,1019.7,138378,1,21,0.0,51.5157089,-0.2258299,34.9,1,nan,nan,nan,0,0
750072,9.88,74.8,1019.8,137819,1,23,0.8,51.5157051,-0.2258316,34.7,1,nan,nan,nan,0,0
760026,9.79,74.7,1019.7,139395,1,32,0.0,51.515686,-0.2258399,34.4,1,nan,nan,nan,0,0
770012,9.8,74.7,1019.8,139967,1,0,0.0,51.515686,-0.2258432,34.3,1,nan,nan,nan,0,0
779986,9.85,75.0,1019.8,141241,1,17,0.0,51.5156898,-0.2258449,34.5,1,nan,nan,nan,0,0
790044,9.97,75.3,1019.8,144225,1,17,0.0,51.5156898,-0.2258449,34.7,1,nan,nan,nan,0,0
800025,9.75,75.6,1019.8,143497,1,16,0.0,51.5156898,-0.2258516,34.6,1,nan,nan,nan,0,0
809975,9.74,76.0,1019.8,140659,1,37,0.0,51.515686,-0.2258499,34.7,1,nan,nan,nan,0,0
819966,9.77,76.0,1019.8,138266,1,16,0.0,51.5156937,-0.2258582,34.7,1,nan,nan,nan,0,0
830055,9.81,76.0,1019.8,139852,1,43,0.0,51.5156975,-0.2258566,34.7,1,nan,nan,nan,0,0
840049,9.76,75.9,1019.8,142182,1,33,0.0,51.5156975,-0.2258582,34.7,1,nan,nan,nan,0,0
849982,9.84,76.1,1019.8,144347,1,81,0.6,51.5156975,-0.2258599,34.7,1,nan,nan,nan,0,0
860077,9.88,76.4,1019.8,146578,1,25,0.0,51.5156937,-0.2258582,34.8,1,nan,nan,nan,0,0
870067,9.73,76.7,1019.8,146327,1,19,0.0,51.5156898,-0.2258616,34.7,1,nan,nan,nan,0,0
880039,9.95,76.8,1019.8,144103,1,14,0.0,51.5156937,-0.2258632,34.7,1,nan,nan,nan,0,0
889978,9.71,76.8,1019.8,145952,1,2383,0.0,51.515686,-0.2258632,34.8,1,nan,nan,nan,0,0
899982,9.85,76.8,1019.8,145454,1,31,0.0,51.5156746,-0.2258666,34.7,1,nan,nan,nan,0,0
910022,9.83,77.0,1019.8,146327,1,32,0.7,51.5156593,-0.2258549,34.7,1,nan,nan,nan,0,0
920009,9.97,77.1,1019.8,146077,1,27,0.0,51.5156479,-0.2258566,34.7,1,nan,nan,nan,0,0
929984,9.77,77.0,1019.8,145578,1,26,0.0,51.5156364,-0.2258532,34.7,1,nan,nan,nan,0,0
940052,9.82,76.7,1019.8,145827,1,21,0.0,51.5156403,-0.2258516,34.7,1,nan,nan,nan,0,0
950025,9.85,76.6,1019.8,145207,1,32,0.0,51.5156403,-0.2258532,34.7,1,nan,nan,nan,0,0
959971,9.88,76.5,1019.8,145578,1,45,0.0,51.5156326,-0.2258516,34.6,1,nan,nan,nan,0,0
969958,9.8,76.4,1019.8,147084,1,27,0.0,51.5156441,-0.2258582,34.6,1,nan,nan,nan,0,0
980071,9.96,76.0,1019.8,148750,1,24,0.0,51.5156479,-0.2258566,34.7,1,nan,nan,nan,0,0
990049,9.72,75.9,1019.8,143739,1,37,0.0,51.5156517,-0.2258599,34.6,1,nan,nan,nan,0,0
999988,9.74,76.0,1019.8,136170,1,0,0.0,51.5156517,-0.2258582,34.7,1,nan,nan,nan,0,0
1010067,9.81,75.9,1019.8,138828,1,14,0.0,51.5156517,-0.2258599,34.7,1,nan,nan,nan,0,0
1020061,9.74,75.8,1019.9,142182,1,40,0.0,51.5156403,-0.2258632,34.6,1,nan,nan,nan,0,0
1030043,9.69,75.7,1019.8,143016,1,40,0.0,51.5156364,-0.2258732,34.8,1,nan,nan,nan,0,0
1040012,9.92,75.6,1019.8,146453,1,28,0.6,51.5156479,-0.2258699,34.7,1,nan,nan,nan,0,0
1049960,9.88,75.4,1019.9,147976,1,5,0.0,51.5156631,-0.2258666,34.7,1,nan,nan,nan,0,0
1060051,9.63,75.3,1019.8,146831,1,20,0.0,51.515667,-0.2258732,34.6,1,nan,nan,nan,0,0
1070028,9.88,75.2,1019.8,145207,1,12,0.0,51.515667,-0.2258732,34.7,1,nan,nan,nan,0,0
1080008,9.9,75.3,1019.8,147848,1,29,0.0,51.5156593,-0.2258799,34.7,1,nan,nan,nan,0,0
1089967,9.72,75.2,1019.8,145083,1,1,0.6,51.515667,-0.2258832,34.6,1,nan,nan,nan,0,0
1100056,9.9,75.0,1019.8,146831,1,8,0.0,51.5156631,-0.2258866,34.7,1,nan,nan,nan,0,0
1109997,9.68,75.0,1019.7,144591,1,32,1.1,51.5156631,-0.2258682,34.7,1,nan,nan,nan,0,0
1119983,9.76,75.7,1019.7,142538,1,27,1.2,51.5156174,-0.2257482,34.7,1,nan,nan,nan,0,0
1129965,9.79,76.1,1019.7,141592,1,34,2.0,51.5154152,-0.2257232,34.7,1,nan,nan,nan,0,0
1140045,9.84,76.2,1019.7,145454,1,20,2.6,51.5153275,-0.2258149,34.8,1,nan,nan,nan,0,0
1150041,9.83,75.7,1019.7,143016,1,22,2.6,51.5153809,-0.2258949,34.7,1,nan,nan,nan,0,0
1160001,9.82,75.5,1019.8,145083,1,34,5.4,51.5155106,-0.2258366,34.6,1,nan,nan,nan,0,0
1170017,9.73,76.0,1019.8,142420,1,11,5.9,51.5155067,-0.2253916,34.7,1,nan,nan,nan,0,0
1180017,9.92,75.7,1019.9,144103,1,6,3.1,51.5155029,-0.2250649,34.6,1,nan,nan,nan,0,0
1190031,9.85,75.8,1019.9,143614,1,17,0.0,51.5154826656607,-0.224972402,34.7,1,nan,nan,nan,0,0
1200031,9.76,75.8,1019.9,143658,1,38,0.0,51.51546511228568,-0.224882299,34.7,1,nan,nan,nan,0,0
1210065,9.75,75.7,1019.9,144007,1,24,0.0,51.51545049098784,-0.224792662,34.7,1,nan,nan,nan,0,0
1220058,9.91,75.7,1019.9,143523,1,45,0.0,51.51543505420536,-0.22469937,34.7,1,nan,nan,nan,0,0
1230039,9.85,75.7,1019.9,143858,1,45,0.0,51.51542010995409,-0.224612938,34.7,1,nan,nan,nan,0,0
1240032,9.73,75.7,1019.9,144317,1,15,0.0,51.5154061117411,-0.224518707,34.7,1,nan,nan,nan,0,0
1250036,9.77,75.8,1019.9,143888,1,49,0.0,51.51539065143738,-0.224427287,34.7,1,nan,nan,nan,0,0
1260044,9.88,75.9,1019.9,143773,1,11,0.0,51.51536459403879,-0.224327199,34.8,1,nan,nan,nan,0,0
1270073,9.64,75.8,1019.9,143929,1,25,0.0,51.51534424910561,-0.224237358,34.7,1,nan,nan,nan,0,0
1280084,9.73,75.9,1019.9,143966,1,7,0.0,51.51533027159305,-0.224138523,34.7,1,nan,nan,nan,0,0
1290048,9.86,76.0,1019.9,144116,1,10,0.0,51.51530733052869,-0.224042194,34.7,1,nan,nan,nan,0,0
1300027,9.7,76.2,1019.9,143667,1,21,0.0,51.515281968844185,-0.223944058,34.7,1,nan,nan,nan,0,0
1309979,9.93,76.2,1019.9,143881,1,10,0.0,51.51525924468272,-0.223852865,34.8,1,nan,nan,nan,0,0
1319976,9.71,76.1,1019.9,143815,1,30,0.0,51.515234032789785,-0.22376494,34.7,1,nan,nan,nan,0,0
1330017,9.69,76.1,1019.9,143775,1,11,0.0,51.51521803590243,-0.223676109,34.7,1,nan,nan,nan,0,0
1340003,9.69,75.9,1019.9,143640,1,16,0.0,51.51519893326844,-0.223594515,34.6,1,nan,nan,nan,0,0
1350051,9.8,75.9,1019.9,143537,1,35,0.0,51.5151825748864,-0.223507154,34.7,1,nan,nan,nan,0,0
1360082,9.77,76.0,1019.9,143185,1,2,0.0,51.5151662454992,-0.223420395,34.6,1,nan,nan,nan,0,0
1370064,9.74,75.9,1019.9,143339,1,8,0.0,51.51515242842711,-0.223330608,34.7,1,nan,nan,nan,0,0
1380096,9.81,75.9,1019.9,143659,1,17,0.0,51.51513930507526,-0.223241359,34.7,1,nan,nan,nan,0,0
1390085,9.74,76.0,1019.9,144135,1,42,0.0,51.51511809880679,-0.223153335,34.8,1,nan,nan,nan,0,0
1400093,9.82,75.9,1019.9,144217,1,25,0.0,51.51510099662525,-0.223063034,34.6,1,nan,nan,nan,0,0
1410104,9.85,75.9,1019.9,143733,1,32,0.0,51.515081219735954,-0.222974703,34.7,1,nan,nan,nan,0,0
1420127,9.83,75.7,1019.9,143402,1,16,0.0,51.51506325810328,-0.22288703,34.6,1,nan,nan,nan,0,0
1430125,9.71,75.7,1019.9,143229,1,47,0.0,51.5150408472548,-0.222802581,34.7,1,nan,nan,nan,0,0
1440168,9.87,75.9,1019.9,143077,1,15,0.0,51.5150163477635,-0.222714357,34.7,1,nan,nan,nan,0,0
1450171,9.81,75.9,1019.9,142985,1,29,0.0,51.51499804939108,-0.222628498,34.6,1,nan,nan,nan,0,0
1460158,9.87,76.1,1019.9,142561,1,34,0.0,51.514976053630505,-0.222536583,34.7,1,nan,nan,nan,0,0
1470153,9.88,76.1,1019.9,142727,1,25,0.0,51.51496232376707,-0.222436952,34.7,1,nan,nan,nan,0,0
1480191,9.77,76.0,1019.9,143113,1,47,0.0,51.51493838564837,-0.222360243,34.8,1,nan,nan,nan,0,0
1490233,9.86,76.0,1019.9,143465,1,42,0.0,51.51491415709175,-0.222262191,34.7,1,nan,nan,nan,0,0
1500248,9.74,76.0,1019.9,143643,1,5,0.0,51.514894345078375,-0.222167725,34.7,1,nan,nan,nan,0,0
1510275,9.85,76.2,1019.9,143312,1,42,0.0,51.514879615301226,-0.222082002,34.7,1,nan,nan,nan,0,0
1520251,9.67,76.3,1019.9,142856,1,11,0.0,51.5148642790807,-0.221986023,34.7,1,nan,nan,nan,0,0
1530259,9.85,76.2,1019.9,143017,1,31,0.0,51.51485329726062,-0.221897494,34.7,1,nan,nan,nan,0,0
1540273,9.8,76.3,1019.9,143510,1,25,0.0,51.51483348100639,-0.221816413,34.6,1,nan,nan,nan,0,0
1550296,9.67,76.4,1019.9,143720,1,24,0.0,51.51481751014371,-0.221725017,34.7,1,nan,nan,nan,0,0
1560334,9.83,76.4,1019.9,143593,1,2,0.0,51.51479917538396,-0.22162996,34.7,1,nan,nan,nan,0,0
1570365,9.76,76.4,1019.9,143254,1,30,0.0,51.514777694210224,-0.221533226,34.8,1,nan,nan,nan,0,0
1580368,9.97,76.4,1019.9,143261,1,24,0.0,51.51475837173956,-0.221440973,34.7,1,nan,nan,nan,0,0
1590327,9.82,76.4,1019.9,143753,1,2,0.0,51.51473654555343,-0.221356262,34.7,1,nan,nan,nan,0,0
1600280,9.98,76.7,1019.9,144230,1,38,0.0,51.51472505798319,-0.221263138,34.7,1,nan,nan,nan,0,0
1610239,9.86,76.7,1019.9,144008,1,34,0.0,51.51471372766655,-0.221171742,34.7,1,nan,nan,nan,0,0
1620222,9.73,76.7,1019.9,144276,1,26,0.0,51.51470157142559,-0.221069217,34.7,1,nan,nan,nan,0,0
1630253,9.82,76.7,1019.9,144177,1,38,0.0,51.51468499838042,-0.220975067,34.8,1,nan,nan,nan,0,0
1640285,9.82,76.7,1019.9,144541,1,4,0.0,51.51466084718093,-0.220887148,34.8,1,nan,nan,nan,0,0
1650240,9.87,76.5,1019.9,145029,1,28,0.0,51.51463978902721,-0.220795334,34.6,1,nan,nan,nan,0,0
1660243,9.68,76.6,1019.9,145012,1,24,0.0,51.51462692148516,-0.220707327,34.6,1,nan,nan,nan,0,0
1670256,9.78,76.5,1019.9,144966,1,8,0.0,51.51460533288218,-0.220612895,34.7,1,nan,nan,nan,0,0
1680232,9.75,76.6,1019.9,145030,1,47,0.0,51.5145821202853,-0.220516958,34.7,1,nan,nan,nan,0,0
1690190,9.82,76.8,1019.9,145287,1,10,0.0,51.51456569338916,-0.220428418,34.7,1,nan,nan,nan,0,0
1700213,9.82,76.7,1019.9,144985,1,13,0.0,51.51454199453473,-0.220344728,34.7,1,nan,nan,nan,0,0
1710186,9.83,76.9,1019.9,144916,1,42,0.0,51.514523547444064,-0.220250786,34.8,1,nan,nan,nan,0,0
1720186,9.85,76.7,1019.9,144685,1,23,0.0,51.51450525481292,-0.220152879,34.7,1,nan,nan,nan,0,0
1730219,9.79,76.7,1019.9,144936,1,29,0.0,51.51448843620192,-0.220064333,34.7,1,nan,nan,nan,0,0
1740177,9.86,76.7,1019.9,145343,1,10,0.0,51.51446847867409,-0.219970752,34.7,1,nan,nan,nan,0,0
1750201,9.77,76.8,1019.9,145186,1,6,0.0,51.51445327726144,-0.219881792,34.5,1,nan,nan,nan,0,0
1760211,9.77,76.6,1019.9,145271,1,15,0.0,51.51443411553426,-0.219783996,34.7,1,nan,nan,nan,0,0
1770207,9.83,76.6,1019.9,145464,1,6,0.0,51.514410451864855,-0.219697262,34.8,1,nan,nan,nan,0,0
1780170,9.82,76.5,1019.9,145099,1,3,0.0,51.51439586371219,-0.219605197,34.7,1,nan,nan,nan,0,0
1790137,9.72,76.5,1019.9,144701,1,34,0.0,51.514365330886655,-0.219515381,34.8,1,nan,nan,nan,0,0
1800103,9.98,76.6,1019.9,144215,1,27,0.0,51.51434180117821,-0.219418302,34.7,1,nan,nan,nan,0,0
1810064,9.72,76.5,1019.9,144581,1,35,0.0,51.51432077397867,-0.219317277,34.7,1,nan,nan,nan,0,0
1820081,9.68,76.5,1019.9,144437,1,29,0.0,51.51430164074461,-0.219225857,34.7,1,nan,nan,nan,0,0
1830068,9.89,76.5,1019.9,144213,1,2,0.0,51.51427854681869,-0.219139796,34.7,1,nan,nan,nan,0,0
1840085,9.84,76.3,1019.9,143796,1,22,0.0,51.514258848952856,-0.219046597,34.8,1,nan,nan,nan,0,0
1850057,9.83,76.3,1019.9,143689,1,32,0.0,51.51423466499796,-0.218958906,34.7,1,nan,nan,nan,0,0
1860036,9.75,76.4,1019.9,143284,1,26,0.0,51.5142185213875,-0.218859995,34.8,1,nan,nan,nan,0,0
1870084,9.69,76.4,1019.9,143108,1,44,0.0,51.51419801761555,-0.21877032,34.6,1,nan,nan,nan,0,0
1880118,9.78,76.6,1019.9,143456,1,40,0.0,51.51418931766714,-0.218676386,34.7,1,nan,nan,nan,0,0
1890160,9.8,76.8,1019.9,143006,1,23,0.0,51.51417365465544,-0.218588723,34.8,1,nan,nan,nan,0,0
1900183,9.8,76.8,1019.9,142880,1,26,0.0,51.51416557464587,-0.218502105,34.8,1,nan,nan,nan,0,0
1910141,9.81,76.7,1019.9,143285,1,19,0.0,51.51415117145606,-0.218402786,34.8,1,nan,nan,nan,0,0
1920093,9.9,76.6,1019.9,142939,1,40,0.0,51.51412923062253,-0.218303983,34.7,1,nan,nan,nan,0,0
1930057,9.71,76.8,1019.9,143032,1,45,0.0,51.51410968989878,-0.218212556,34.7,1,nan,nan,nan,0,0
1940055,9.65,76.8,1019.9,142536,1,9,0.0,51.51409179334182,-0.218125786,34.6,1,nan,nan,nan,0,0
1950058,9.77,76.9,1019.9,142968,1,1,0.0,51.51406875230435,-0.218035543,34.7,1,nan,nan,nan,0,0
1960011,9.67,76.9,1019.9,142968,1,42,0.0,51.51405162039073,-0.217948394,34.7,1,nan,nan,nan,0,0
1970032,9.58,77.1,1020.0,142979,1,23,0.0,51.51403430669567,-0.217851424,34.7,1,nan,nan,nan,0,0
1980065,9.92,77.0,1020.0,143074,1,14,0.0,51.51402181474648,-0.217757515,34.7,1,nan,nan,nan,0,0
1990089,9.81,77.1,1020.0,143452,1,15,0.0,51.513986531640015,-0.2176713,34.7,1,nan,nan,nan,0,0
2000133,9.75,77.2,1020.0,143826,1,22,0.0,51.51396522273202,-0.217571194,34.7,1,nan,nan,nan,0,0
2010084,9.77,77.2,1020.0,144215,1,20,0.0,51.51395268334047,-0.217478909,34.7,1,nan,nan,nan,0,0
2020068,9.94,77.2,1020.0,144131,1,13,0.0,51.51393850863333,-0.217386364,34.7,1,nan,nan,nan,0,0
2030040,9.89,77.3,1020.0,143723,1,49,0.0,51.51392472343884,-0.217300134,34.7,1,nan,nan,nan,0,0
2040084,9.87,77.6,1020.0,143358,1,12,0.0,51.51391225074861,-0.217205385,34.8,1,nan,nan,nan,0,0
2050043,9.83,77.7,1020.0,143844,1,1,0.0,51.5138962062045,-0.217111437,34.7,1,nan,nan,nan,0,0
2060088,9.71,77.5,1020.0,144130,1,46,0.0,51.51387932384177,-0.217010826,34.7,1,nan,nan,nan,0,0
2070118,9.79,77.5,1020.0,144449,1,36,0.0,51.513861382310346,-0.216922279,34.7,1,nan,nan,nan,0,0
2080090,9.72,77.7,1020.0,144229,1,29,0.0,51.51383999133164,-0.216829361,34.7,1,nan,nan,nan,0,0
2090133,9.96,77.8,1020.0,144413,1,30,0.0,51.513817943517765,-0.216738294,34.7,1,nan,nan,nan,0,0
2100143,9.72,77.6,1020.0,144119,1,20,0.0,51.51380104544388,-0.216650526,34.6,1,nan,nan,nan,0,0
2110140,9.7,77.7,1020.0,144295,1,14,0.0,51.51378387590525,-0.216561412,34.7,1,nan,nan,nan,0,0
2120153,9.67,77.7,1020.0,144032,1,36,0.0,51.51376903568616,-0.216472317,34.7,1,nan,nan,nan,0,0
2130126,9.86,77.5,1020.0,144247,1,42,0.0,51.513753227385145,-0.216383896,34.8,1,nan,nan,nan,0,0
2140090,9.67,77.6,1020.0,144158,1,39,0.0,51.51374211663149,-0.2162939,34.6,1,nan,nan,nan,0,0
2150132,9.85,77.6,1020.0,143906,1,41,0.0,51.51372848724554,-0.216206868,34.7,1,nan,nan,nan,0,0
2160168,9.82,77.5,1020.0,143871,1,6,0.0,51.51371403203509,-0.216121098,34.7,1,nan,nan,nan,0,0
2170145,9.78,77.6,1020.0,143782,1,38,0.0,51.51369665907462,-0.216024535,34.7,1,nan,nan,nan,0,0
2180186,10.0,77.7,1020.0,144028,1,40,0.0,51.51366847530149,-0.215936294,34.7,1,nan,nan,nan,0,0
